    
    [
        {
            "id": 1,
            "name": "Jackquelin Brilleman",
            "address": "Saint-Quentin-en-Yvelines",
            "credit": 42452,
            "status": false,
            "remarks": "Maecenas ut massa quis augue luctus tincidunt. Nulla mollis molestie lorem. Quisque ut erat."
        },
        {
            "id": 2,
            "name": "Randal Vittore",
            "address": "Ueki",
            "credit": 42656,
            "status": true,
            "remarks": "Quisque id justo sit amet sapien dignissim vestibulum. Vestibulum ante ipsum primis in faucibus orci luctus et ultrices posuere cubilia Curae; Nulla dapibus dolor vel est. Donec odio justo, sollicitudin ut, suscipit a, feugiat et, eros."
        },
        {
            "id": 3,
            "name": "Neda Molyneux",
            "address": "Uvarovo",
            "credit": 24484,
            "status": false,
            "remarks": "Curabitur in libero ut massa volutpat convallis. Morbi odio odio, elementum eu, interdum eu, tincidunt in, leo. Maecenas pulvinar lobortis est."
        },
        {
            "id": 4,
            "name": "Lauren Garmans",
            "address": "São Miguel do Araguaia",
            "credit": 11750,
            "status": true,
            "remarks": "In congue. Etiam justo. Etiam pretium iaculis justo."
        },
        {
            "id": 5,
            "name": "Baudoin Nockolds",
            "address": "Pardelhas",
            "credit": 28222,
            "status": false,
            "remarks": "Nam ultrices, libero non mattis pulvinar, nulla pede ullamcorper augue, a suscipit nulla elit ac nulla. Sed vel enim sit amet nunc viverra dapibus. Nulla suscipit ligula in lacus."
        },
        {
            "id": 6,
            "name": "Ann-marie Streader",
            "address": "Iset’",
            "credit": 28447,
            "status": true,
            "remarks": "Nullam porttitor lacus at turpis. Donec posuere metus vitae ipsum. Aliquam non mauris."
        },
        {
            "id": 7,
            "name": "Hephzibah Danilov",
            "address": "Piedrancha",
            "credit": 40975,
            "status": false,
            "remarks": "Proin leo odio, porttitor id, consequat in, consequat ut, nulla. Sed accumsan felis. Ut at dolor quis odio consequat varius."
        },
        {
            "id": 8,
            "name": "Fraze Horwell",
            "address": "Dimona",
            "credit": 33315,
            "status": true,
            "remarks": "Nulla ut erat id mauris vulputate elementum. Nullam varius. Nulla facilisi."
        },
        {
            "id": 9,
            "name": "Peggie Ondrasek",
            "address": "Longchi",
            "credit": 28540,
            "status": false,
            "remarks": "Aenean lectus. Pellentesque eget nunc. Donec quis orci eget orci vehicula condimentum."
        },
        {
            "id": 10,
            "name": "Bekki Percifer",
            "address": "Hongxi",
            "credit": 30472,
            "status": true,
            "remarks": "Integer tincidunt ante vel ipsum. Praesent blandit lacinia erat. Vestibulum sed magna at nunc commodo placerat."
        },
        {
            "id": 11,
            "name": "Luigi Marquiss",
            "address": "Nykvarn",
            "credit": 20087,
            "status": false,
            "remarks": "Duis bibendum, felis sed interdum venenatis, turpis enim blandit mi, in porttitor pede justo eu massa. Donec dapibus. Duis at velit eu est congue elementum."
        },
        {
            "id": 12,
            "name": "Sibby Tabbitt",
            "address": "Bontang",
            "credit": 36538,
            "status": true,
            "remarks": "Mauris enim leo, rhoncus sed, vestibulum sit amet, cursus id, turpis. Integer aliquet, massa id lobortis convallis, tortor risus dapibus augue, vel accumsan tellus nisi eu orci. Mauris lacinia sapien quis libero."
        },
        {
            "id": 13,
            "name": "Tania Fogden",
            "address": "Guanyinsi",
            "credit": 40208,
            "status": false,
            "remarks": "Fusce posuere felis sed lacus. Morbi sem mauris, laoreet ut, rhoncus aliquet, pulvinar sed, nisl. Nunc rhoncus dui vel sem."
        },
        {
            "id": 14,
            "name": "Efren Rawling",
            "address": "Santa Fe",
            "credit": 28257,
            "status": true,
            "remarks": "In hac habitasse platea dictumst. Morbi vestibulum, velit id pretium iaculis, diam erat fermentum justo, nec condimentum neque sapien placerat ante. Nulla justo."
        },
        {
            "id": 15,
            "name": "Matty Vedenichev",
            "address": "Baoji",
            "credit": 15750,
            "status": true,
            "remarks": "In hac habitasse platea dictumst. Morbi vestibulum, velit id pretium iaculis, diam erat fermentum justo, nec condimentum neque sapien placerat ante. Nulla justo."
        },
        {
            "id": 16,
            "name": "Amberly Schoenrock",
            "address": "Jiyizhuang",
            "credit": 28089,
            "status": true,
            "remarks": "Cras non velit nec nisi vulputate nonummy. Maecenas tincidunt lacus at velit. Vivamus vel nulla eget eros elementum pellentesque."
        },
        {
            "id": 17,
            "name": "Donovan Eilhertsen",
            "address": "Kansas City",
            "credit": 15008,
            "status": false,
            "remarks": "Suspendisse potenti. In eleifend quam a odio. In hac habitasse platea dictumst."
        },
        {
            "id": 18,
            "name": "Lilian McKellar",
            "address": "Ashchysay",
            "credit": 34526,
            "status": false,
            "remarks": "Maecenas tristique, est et tempus semper, est quam pharetra magna, ac consequat metus sapien ut nunc. Vestibulum ante ipsum primis in faucibus orci luctus et ultrices posuere cubilia Curae; Mauris viverra diam vitae quam. Suspendisse potenti."
        },
        {
            "id": 19,
            "name": "Wyn Lyddyard",
            "address": "Wuyang",
            "credit": 25157,
            "status": false,
            "remarks": "In hac habitasse platea dictumst. Etiam faucibus cursus urna. Ut tellus."
        },
        {
            "id": 20,
            "name": "Jody Castillo",
            "address": "Madrid",
            "credit": 19121,
            "status": true,
            "remarks": "Aenean fermentum. Donec ut mauris eget massa tempor convallis. Nulla neque libero, convallis eget, eleifend luctus, ultricies eu, nibh."
        },
        {
            "id": 21,
            "name": "Simon Dyble",
            "address": "Akhfennir",
            "credit": 27178,
            "status": false,
            "remarks": "Cras non velit nec nisi vulputate nonummy. Maecenas tincidunt lacus at velit. Vivamus vel nulla eget eros elementum pellentesque."
        },
        {
            "id": 22,
            "name": "Meredeth Tarquini",
            "address": "Viso",
            "credit": 41244,
            "status": true,
            "remarks": "Vestibulum quam sapien, varius ut, blandit non, interdum in, ante. Vestibulum ante ipsum primis in faucibus orci luctus et ultrices posuere cubilia Curae; Duis faucibus accumsan odio. Curabitur convallis."
        },
        {
            "id": 23,
            "name": "Janos Turnbull",
            "address": "Beixiaoying",
            "credit": 12899,
            "status": false,
            "remarks": "Pellentesque at nulla. Suspendisse potenti. Cras in purus eu magna vulputate luctus."
        },
        {
            "id": 24,
            "name": "Hollis Hardin",
            "address": "Canta",
            "credit": 21713,
            "status": false,
            "remarks": "In hac habitasse platea dictumst. Etiam faucibus cursus urna. Ut tellus."
        },
        {
            "id": 25,
            "name": "Lynde Dunphy",
            "address": "Podgorenskiy",
            "credit": 49385,
            "status": false,
            "remarks": "Aenean lectus. Pellentesque eget nunc. Donec quis orci eget orci vehicula condimentum."
        }
    ]    