[{
  "orderId": 1,
  "orderDate": "8/31/2019",
  "productId": 8,
  "units": 2401
}, {
  "orderId": 2,
  "orderDate": "10/18/2018",
  "productId": 3,
  "units": 3895
}, {
  "orderId": 3,
  "orderDate": "4/29/2019",
  "productId": 14,
  "units": 4827
}, {
  "orderId": 4,
  "orderDate": "5/6/2019",
  "productId": 22,
  "units": 856
}, {
  "orderId": 5,
  "orderDate": "3/16/2019",
  "productId": 16,
  "units": 4970
}, {
  "orderId": 6,
  "orderDate": "4/6/2019",
  "productId": 10,
  "units": 4137
}, {
  "orderId": 7,
  "orderDate": "2/12/2019",
  "productId": 24,
  "units": 752
}, {
  "orderId": 8,
  "orderDate": "10/16/2018",
  "productId": 3,
  "units": 3338
}, {
  "orderId": 9,
  "orderDate": "5/23/2019",
  "productId": 4,
  "units": 3868
}, {
  "orderId": 10,
  "orderDate": "8/10/2019",
  "productId": 6,
  "units": 1978
}, {
  "orderId": 11,
  "orderDate": "12/20/2018",
  "productId": 1,
  "units": 3190
}, {
  "orderId": 12,
  "orderDate": "7/12/2019",
  "productId": 13,
  "units": 550
}, {
  "orderId": 13,
  "orderDate": "4/11/2019",
  "productId": 12,
  "units": 1409
}, {
  "orderId": 14,
  "orderDate": "2/16/2019",
  "productId": 10,
  "units": 2266
}, {
  "orderId": 15,
  "orderDate": "9/23/2018",
  "productId": 9,
  "units": 590
}, {
  "orderId": 16,
  "orderDate": "6/20/2019",
  "productId": 17,
  "units": 366
}, {
  "orderId": 17,
  "orderDate": "5/18/2019",
  "productId": 25,
  "units": 3674
}, {
  "orderId": 18,
  "orderDate": "12/19/2018",
  "productId": 25,
  "units": 2027
}, {
  "orderId": 19,
  "orderDate": "5/16/2019",
  "productId": 20,
  "units": 3391
}, {
  "orderId": 20,
  "orderDate": "5/8/2019",
  "productId": 20,
  "units": 4320
}, {
  "orderId": 21,
  "orderDate": "12/11/2018",
  "productId": 3,
  "units": 498
}, {
  "orderId": 22,
  "orderDate": "12/28/2018",
  "productId": 1,
  "units": 1084
}, {
  "orderId": 23,
  "orderDate": "12/7/2018",
  "productId": 16,
  "units": 3175
}, {
  "orderId": 24,
  "orderDate": "4/29/2019",
  "productId": 22,
  "units": 2564
}, {
  "orderId": 25,
  "orderDate": "5/7/2019",
  "productId": 19,
  "units": 470
}, {
  "orderId": 26,
  "orderDate": "9/25/2018",
  "productId": 4,
  "units": 3528
}, {
  "orderId": 27,
  "orderDate": "11/18/2018",
  "productId": 3,
  "units": 1900
}, {
  "orderId": 28,
  "orderDate": "12/21/2018",
  "productId": 9,
  "units": 1655
}, {
  "orderId": 29,
  "orderDate": "10/22/2018",
  "productId": 25,
  "units": 280
}, {
  "orderId": 30,
  "orderDate": "7/10/2019",
  "productId": 10,
  "units": 584
}, {
  "orderId": 31,
  "orderDate": "7/28/2019",
  "productId": 4,
  "units": 3782
}, {
  "orderId": 32,
  "orderDate": "3/11/2019",
  "productId": 18,
  "units": 4689
}, {
  "orderId": 33,
  "orderDate": "5/24/2019",
  "productId": 22,
  "units": 4683
}, {
  "orderId": 34,
  "orderDate": "1/4/2019",
  "productId": 23,
  "units": 1668
}, {
  "orderId": 35,
  "orderDate": "8/20/2019",
  "productId": 9,
  "units": 3549
}, {
  "orderId": 36,
  "orderDate": "10/24/2018",
  "productId": 2,
  "units": 4653
}, {
  "orderId": 37,
  "orderDate": "12/24/2018",
  "productId": 9,
  "units": 4041
}, {
  "orderId": 38,
  "orderDate": "6/7/2019",
  "productId": 19,
  "units": 684
}, {
  "orderId": 39,
  "orderDate": "8/12/2019",
  "productId": 14,
  "units": 2558
}, {
  "orderId": 40,
  "orderDate": "7/29/2019",
  "productId": 3,
  "units": 1599
}, {
  "orderId": 41,
  "orderDate": "8/3/2019",
  "productId": 1,
  "units": 4847
}, {
  "orderId": 42,
  "orderDate": "10/25/2018",
  "productId": 24,
  "units": 4816
}, {
  "orderId": 43,
  "orderDate": "9/18/2019",
  "productId": 3,
  "units": 3771
}, {
  "orderId": 44,
  "orderDate": "7/15/2019",
  "productId": 10,
  "units": 1827
}, {
  "orderId": 45,
  "orderDate": "4/14/2019",
  "productId": 13,
  "units": 3208
}, {
  "orderId": 46,
  "orderDate": "1/22/2019",
  "productId": 11,
  "units": 1745
}, {
  "orderId": 47,
  "orderDate": "10/1/2018",
  "productId": 18,
  "units": 3243
}, {
  "orderId": 48,
  "orderDate": "8/21/2019",
  "productId": 10,
  "units": 2645
}, {
  "orderId": 49,
  "orderDate": "2/16/2019",
  "productId": 13,
  "units": 366
}, {
  "orderId": 50,
  "orderDate": "8/3/2019",
  "productId": 14,
  "units": 3978
}, {
  "orderId": 51,
  "orderDate": "5/16/2019",
  "productId": 10,
  "units": 963
}, {
  "orderId": 52,
  "orderDate": "3/23/2019",
  "productId": 12,
  "units": 625
}, {
  "orderId": 53,
  "orderDate": "11/18/2018",
  "productId": 7,
  "units": 4321
}, {
  "orderId": 54,
  "orderDate": "8/14/2019",
  "productId": 24,
  "units": 992
}, {
  "orderId": 55,
  "orderDate": "6/4/2019",
  "productId": 19,
  "units": 2442
}, {
  "orderId": 56,
  "orderDate": "3/19/2019",
  "productId": 11,
  "units": 3623
}, {
  "orderId": 57,
  "orderDate": "12/1/2018",
  "productId": 9,
  "units": 4774
}, {
  "orderId": 58,
  "orderDate": "1/23/2019",
  "productId": 1,
  "units": 1411
}, {
  "orderId": 59,
  "orderDate": "2/15/2019",
  "productId": 19,
  "units": 3860
}, {
  "orderId": 60,
  "orderDate": "10/22/2018",
  "productId": 16,
  "units": 1918
}, {
  "orderId": 61,
  "orderDate": "9/1/2019",
  "productId": 21,
  "units": 1158
}, {
  "orderId": 62,
  "orderDate": "11/1/2018",
  "productId": 6,
  "units": 4601
}, {
  "orderId": 63,
  "orderDate": "1/1/2019",
  "productId": 5,
  "units": 630
}, {
  "orderId": 64,
  "orderDate": "8/8/2019",
  "productId": 8,
  "units": 418
}, {
  "orderId": 65,
  "orderDate": "9/14/2019",
  "productId": 14,
  "units": 949
}, {
  "orderId": 66,
  "orderDate": "9/17/2019",
  "productId": 12,
  "units": 2873
}, {
  "orderId": 67,
  "orderDate": "12/18/2018",
  "productId": 2,
  "units": 2038
}, {
  "orderId": 68,
  "orderDate": "12/11/2018",
  "productId": 16,
  "units": 1131
}, {
  "orderId": 69,
  "orderDate": "11/27/2018",
  "productId": 23,
  "units": 4911
}, {
  "orderId": 70,
  "orderDate": "5/13/2019",
  "productId": 16,
  "units": 3897
}, {
  "orderId": 71,
  "orderDate": "2/2/2019",
  "productId": 8,
  "units": 1065
}, {
  "orderId": 72,
  "orderDate": "12/1/2018",
  "productId": 9,
  "units": 1423
}, {
  "orderId": 73,
  "orderDate": "6/4/2019",
  "productId": 10,
  "units": 1102
}, {
  "orderId": 74,
  "orderDate": "3/8/2019",
  "productId": 14,
  "units": 3007
}, {
  "orderId": 75,
  "orderDate": "7/14/2019",
  "productId": 17,
  "units": 1248
}, {
  "orderId": 76,
  "orderDate": "6/6/2019",
  "productId": 15,
  "units": 4635
}, {
  "orderId": 77,
  "orderDate": "3/21/2019",
  "productId": 4,
  "units": 2254
}, {
  "orderId": 78,
  "orderDate": "11/12/2018",
  "productId": 5,
  "units": 2031
}, {
  "orderId": 79,
  "orderDate": "1/12/2019",
  "productId": 20,
  "units": 2919
}, {
  "orderId": 80,
  "orderDate": "1/24/2019",
  "productId": 11,
  "units": 1727
}, {
  "orderId": 81,
  "orderDate": "6/14/2019",
  "productId": 15,
  "units": 613
}, {
  "orderId": 82,
  "orderDate": "3/16/2019",
  "productId": 3,
  "units": 3587
}, {
  "orderId": 83,
  "orderDate": "4/22/2019",
  "productId": 9,
  "units": 3693
}, {
  "orderId": 84,
  "orderDate": "6/3/2019",
  "productId": 23,
  "units": 668
}, {
  "orderId": 85,
  "orderDate": "8/27/2019",
  "productId": 24,
  "units": 897
}, {
  "orderId": 86,
  "orderDate": "2/16/2019",
  "productId": 15,
  "units": 2148
}, {
  "orderId": 87,
  "orderDate": "6/30/2019",
  "productId": 13,
  "units": 2931
}, {
  "orderId": 88,
  "orderDate": "7/2/2019",
  "productId": 5,
  "units": 4874
}, {
  "orderId": 89,
  "orderDate": "5/21/2019",
  "productId": 19,
  "units": 2966
}, {
  "orderId": 90,
  "orderDate": "8/13/2019",
  "productId": 2,
  "units": 3230
}, {
  "orderId": 91,
  "orderDate": "5/26/2019",
  "productId": 15,
  "units": 4497
}, {
  "orderId": 92,
  "orderDate": "12/25/2018",
  "productId": 17,
  "units": 152
}, {
  "orderId": 93,
  "orderDate": "11/24/2018",
  "productId": 21,
  "units": 4364
}, {
  "orderId": 94,
  "orderDate": "9/16/2019",
  "productId": 19,
  "units": 139
}, {
  "orderId": 95,
  "orderDate": "8/7/2019",
  "productId": 9,
  "units": 1731
}, {
  "orderId": 96,
  "orderDate": "1/21/2019",
  "productId": 20,
  "units": 1433
}, {
  "orderId": 97,
  "orderDate": "11/24/2018",
  "productId": 14,
  "units": 2139
}, {
  "orderId": 98,
  "orderDate": "5/17/2019",
  "productId": 9,
  "units": 2894
}, {
  "orderId": 99,
  "orderDate": "4/3/2019",
  "productId": 20,
  "units": 1004
}, {
  "orderId": 100,
  "orderDate": "10/25/2018",
  "productId": 18,
  "units": 2868
}]